Jahr	Wohnfläche pro Bewohner in m2
1990	39.2826209245187
2000	41.1082028761025
2010	42.1317020317833
2011	42.0295021782456
2012	41.9891758379523
2013	42.0043846859409
2014	41.7
2015	41.5
