Jahr	Anzahl Notwohnungen	belegte Notwohnungen	
2011	132	120	0.909090909090909
2012	132	119	0.901515151515151
2013	132	125	0.946969696969697
2014	164		
2015	182		
